{
  "parent_frame": "map",
  "child_frame": "global",
  "translation_xyz": [
    36.07293317637903,
    21.70771315729445,
    0.8395518462985948
  ],
  "quaternion_xyzw": [
    0.0,
    0.0,
    0.7505524695629563,
    0.660810858289229
  ],
  "yaw_rad": 1.697795460908113,
  "yaw_deg": 97.27651438650322,
  "T_parent_child": [
    [
      -0.1266580191341049,
      -0.9919464432059952,
      0.0,
      36.07293317637903
    ],
    [
      0.9919464432059952,
      -0.1266580191341049,
      0.0,
      21.70771315729445
    ],
    [
      0.0,
      0.0,
      1.0,
      0.8395518462985948
    ],
    [
      0.0,
      0.0,
      0.0,
      1.0
    ]
  ]
}