{
  "parent_frame": "map",
  "child_frame": "global",
  "translation_xyz": [
    36.00733434861237,
    21.452319234378855,
    0.8956920111868526
  ],
  "quaternion_xyzw": [
    0.0,
    0.0,
    0.7426204551670487,
    0.6697125200916327
  ],
  "yaw_rad": 1.6739494449481374,
  "yaw_deg": 95.91023831379502,
  "T_parent_child": [
    [
      -0.10297028086502902,
      -0.9946844330030391,
      0.0,
      36.00733434861237
    ],
    [
      0.9946844330030391,
      -0.10297028086502902,
      0.0,
      21.452319234378855
    ],
    [
      0.0,
      0.0,
      1.0,
      0.8956920111868526
    ],
    [
      0.0,
      0.0,
      0.0,
      1.0
    ]
  ]
}